USE `gestion_rrhh` ;

SET GLOBAL local_infile = true;

-- DATOS TABLA EMPLEADOS
INSERT INTO EMPLEADOS (EMPLEADO_ID, NOMBRE_EMPLEADO, APELLIDO_EMPLEADO, FECHA_NAC, GENERO, EMAIL)
VALUES
(1, 'ERNESTO','BONUCCI','1991-12-11','MASCULINO','ERNESTO@MAIL.COM'),
(2, 'PAULO','PARRA','1992-08-07','MASCULINO','PAULO@MAIL.COM'),
(3, 'ANDREA','BASCUR','1985-12-20','FEMENINO','ANDREA@MAIL.COM'),
(4, 'NATALY','TORRES','1995-03-12','FEMENINO','NATALY@MAIL.COM'),
(5, 'MARTINA','QUIROGA','1988-12-24','FEMENINO','MARTINA@MAIL.COM'),
(6, 'CAMILO','GONZALEZ','1993-11-10','MASCULINO','CAMILO@MAIL.COM'),
(7, 'KAREN','ARAYA','1988-04-06','FEMENINO','KAREN@MAIL.COM'),
(8, 'SEBASTIAN','TORRES','1989-07-13','MASCULINO','SEBASTIAN@MAIL.COM'),
(9, 'CESAR','HIDALGO','1990-09-24','MASCULINO','CESAR@MAIL.COM'),
(10, 'VALENTIN','MOSQUERA','1991-11-24','MASCULINO','VALENTIN@MAIL.COM'),
(11, 'CLAUDIO','OPAZO','1990-08-08','MASCULINO','CLAUDIO@MAIL.COM'),
(12, 'ANDRES','INIESTA','1991-04-03','MASCULINO','ANDRES@MAIL.COM'),
(13, 'JAVIER','MASCHERANO','1987-02-17','MASCULINO','JAVIER@MAIL.COM'),
(14, 'MARCELO','SALAS','1990-11-11','MASCULINO','MARCELO@MAIL.COM'),
(15, 'ALEXIS','VIDAL','1993-05-12','MASCULINO','ALEXIS@MAIL.COM');


-- DATOS TABLA PAISES
INSERT INTO PAISES (PAIS_ID, NOMBRE_PAIS, DOMINIO_PAIS)
VALUES
(1, 'CHILE', 'CHI'),
(2, 'ARGENTINA', 'ARG'),
(3, 'COLOMBIA', 'COL'),
(4, 'PERU', 'PER'),
(5, 'BRASIL', 'BRA');

-- DATOS TABLA DEPARTAMENTOS
INSERT INTO DEPARTAMENTOS (DEPTO_ID, NOMBRE_DEPTO, DESCRIPCION_DEPTO, PAIS_ID)
VALUES
(1, 'FINANZAS', 'ENCARGADO FINANZAS', 1),
(2, 'MARKETING Y VENTAS', 'ENCARGADO MARKETING Y VENTAS', 1),
(3, 'OPERACIONES', 'ENCARGADO OPERACIONES', 2),
(4, 'TI', 'ENCARGADO TI', 1),
(5, 'RECURSOS HUMANOS', 'ENCARGADO RECURSOS HUMANOS', 3),
(6, 'INVESTIGACION Y DESARROLLO', 'ENCARGADO INNOVACION', 1),
(7, 'PROCESOS INDUSTRIALES', 'ENCARGADO PROCESOS INDUSTRIALES', 2),
(8, 'LEGAL', 'ENCARGADO LEGAL', 5);


-- DATOS TABLA CARGOS
INSERT INTO CARGOS (CARGO_ID, NOMBRE_CARGO, DESCRIPCION_CARGO, DEPTO_ID)
VALUES
(1, 'CEO EJECUTIVO', 'Liderazgo, estrategia, toma de decisiones', 6),
(2, 'CEO FINANCIERO', 'Finanzas, presupuesto, inversion, contabilidad', 1),
(3, 'CEO TECNOLOGIA', 'Innovacion, tecnologia, desarrollo, estrategia', 4),
(4, 'INGENIERO OPERACIONES', 'Eficiencia, operaciones, logistica, gestion', 3),
(5, 'DIRECTOR DE MARKETING', 'Promocion, marca, estrategia, publicidad', 2),
(6, 'GERENTE RRHH', 'Personal, contratacion, desarrollo, cultura', 5),
(7, 'PROJECT MANAGER', 'Planificacion, coordinacion, seguimiento, entrega', 6),
(8, 'SALES MANAGER', 'Estrategia, clientes, negociacion, ventas', 2),
(9, 'ADMINISTRADOR TI', 'Redes, sistemas, seguridad, soporte', 4),
(10, 'CONSEJERO LEGAL', 'Leyes, regulaciones, contratos, asesoramiento', 8);


-- DATOS TABLA SALARIOS
INSERT INTO SALARIOS (SALARIO_ID, MONTO_SALARIO, TIPO_MONEDA)
VALUES
(1, 8000, 'USD'),
(2, 7500, 'USD'),
(3, 7000, 'USD'),
(4, 6000, 'USD'),
(5, 5000, 'USD'),
(6, 4500, 'USD'),
(7, 4000, 'USD'),
(8, 3000, 'USD'),
(9, 2500, 'USD'),
(10, 2000, 'USD'),
(11, 1500, 'USD'),
(12, 1000, 'USD');


-- DATOS TABLA CARGOS_ASIGNADOS
INSERT INTO CARGOS_ASIGNADOS (CASIG_ID, EMPLEADO_ID, CARGO_ID, SALARIO_ID, FECHA_INI, FECHA_FIN)
VALUES
(1, 1, 8, 8, '2017-03-03', '9999-12-31'),
(2, 2, 5, 6, '2018-09-10', '9999-12-31'),
(3, 8, 7, 5, '2017-04-05', '9999-12-31'),
(4, 9, 7, 5, '2017-04-05', '9999-12-31'),
(5, 10, 7, 5, '2017-04-05', '9999-12-31'),
(6, 15, 9, 3, '2017-04-05', '9999-12-31'),
(7, 3, 6, 2, '2017-04-05', '9999-12-31'),
(8, 11, 3, 3, '2018-09-10', '9999-12-31'),
(9, 12, 10, 8, '2018-09-10', '9999-12-31'),
(10, 14, 8, 6, '2018-06-06', '9999-12-31'),
(11, 4, 7, 5, '2018-04-05', '9999-12-31'),
(12, 5, 7, 5, '2018-03-06', '9999-12-31'),
(13, 6, 3, 2, '2018-03-10', '9999-12-31'),
(14, 7, 2, 3, '2018-03-10', '9999-12-31'),
(15, 13, 3, 2, '2018-04-05', '9999-12-31');


